threads,v1_time,v2_time,v3_time
1,0.025142,0.437234,0.025711
2,0.017993,0.695157,0.018571
4,0.013960,0.611370,0.016467
8,0.015592,0.540323,0.015023
16,0.011502,0.391653,0.011565
