threads,time
1,0.239073
2,0.118172
4,0.066146
8,0.040877
16,0.256779
